{"is_source_file": true, "format": "md", "description": ".md file: README.md", "external_files": [], "external_methods": [], "published": [], "classes": [], "methods": [], "calls": [], "search-terms": ["README.md", "md"], "state": 2, "filename": "README.md", "format-version": 4, "code-base-name": "https://github.com/kavia-common/food-blog-showcase-6829-6838.git:kavia-main", "knowledge_revision": 3, "git_revision": "6f118c2b3dc792a72ee42fdc63ceb27012a7f991", "revision_history": [{"3": "6f118c2b3dc792a72ee42fdc63ceb27012a7f991"}]}